,0
extreme_days,0.3454823
max_7day_mm,0.33669683
max_1day_mm,0.16716278
max_3day_mm,0.1179898
rain_x_acc,0.012528651
monsoon_mm,0.006171265
annual_mm,0.0037041593
very_extreme_days,0.002078835
chirps_mean_mm,0.0014031733
year,0.0008301298
rainfall_anomaly_pct,0.00079432526
lon,0.00071060914
post_monsoon_mm,0.0005913225
rain_cv,0.0005888629
clay_pct,0.0005002952
lat,0.0004871899
log_pop_density,0.00044952214
tri,0.00036318574
sand_pct,0.00031461468
slope_deg,0.00024231797
pre_monsoon_mm,0.00024144907
elevation,0.00023872178
rain_x_slope,0.00016931786
flow_acc_log,0.0001440188
silt_pct,0.000116342846
